"sequence","phase","round","order","flint_processes","campaign_id","results_jsonl_sha256","campaign_checkpoint_json_sha256","manifest_sha256","coverage_report_json_sha256","search_yaml_sha256","status"
"1","warmup","1","1","2","sha256:26662e149e7f97d7b67ebbfabef95e7151165d986f026221c8fc375f63c3cc2a","1e003a08d10a97fcf0d0bcf2e86bdd1a654a07e1fcc353afdc0307d949a161c3","cd6b446ffb998f0d2397686ff6da1c9cd991474b1bf14f829c17ab831692e4c8","fdb1f6b0fc752d55ac3d1a9701a52b8d83086ffa5e91fe739dd5bc195e77a7f0","2d207b28472de89fd742e379cee946f00aa40584c0943f983cbc7387512f3b00","34fe76303a1f8ea4aa5bfd28e4140db1062753044c56762034a878fbc6342a2e","PASS"
"2","warmup","1","2","1","sha256:26662e149e7f97d7b67ebbfabef95e7151165d986f026221c8fc375f63c3cc2a","1e003a08d10a97fcf0d0bcf2e86bdd1a654a07e1fcc353afdc0307d949a161c3","cd6b446ffb998f0d2397686ff6da1c9cd991474b1bf14f829c17ab831692e4c8","fdb1f6b0fc752d55ac3d1a9701a52b8d83086ffa5e91fe739dd5bc195e77a7f0","2d207b28472de89fd742e379cee946f00aa40584c0943f983cbc7387512f3b00","34fe76303a1f8ea4aa5bfd28e4140db1062753044c56762034a878fbc6342a2e","PASS"
"3","warmup","1","3","8","sha256:26662e149e7f97d7b67ebbfabef95e7151165d986f026221c8fc375f63c3cc2a","1e003a08d10a97fcf0d0bcf2e86bdd1a654a07e1fcc353afdc0307d949a161c3","cd6b446ffb998f0d2397686ff6da1c9cd991474b1bf14f829c17ab831692e4c8","fdb1f6b0fc752d55ac3d1a9701a52b8d83086ffa5e91fe739dd5bc195e77a7f0","2d207b28472de89fd742e379cee946f00aa40584c0943f983cbc7387512f3b00","34fe76303a1f8ea4aa5bfd28e4140db1062753044c56762034a878fbc6342a2e","PASS"
"4","warmup","1","4","4","sha256:26662e149e7f97d7b67ebbfabef95e7151165d986f026221c8fc375f63c3cc2a","1e003a08d10a97fcf0d0bcf2e86bdd1a654a07e1fcc353afdc0307d949a161c3","cd6b446ffb998f0d2397686ff6da1c9cd991474b1bf14f829c17ab831692e4c8","fdb1f6b0fc752d55ac3d1a9701a52b8d83086ffa5e91fe739dd5bc195e77a7f0","2d207b28472de89fd742e379cee946f00aa40584c0943f983cbc7387512f3b00","34fe76303a1f8ea4aa5bfd28e4140db1062753044c56762034a878fbc6342a2e","PASS"
"5","measure","1","1","4","sha256:26662e149e7f97d7b67ebbfabef95e7151165d986f026221c8fc375f63c3cc2a","1e003a08d10a97fcf0d0bcf2e86bdd1a654a07e1fcc353afdc0307d949a161c3","cd6b446ffb998f0d2397686ff6da1c9cd991474b1bf14f829c17ab831692e4c8","fdb1f6b0fc752d55ac3d1a9701a52b8d83086ffa5e91fe739dd5bc195e77a7f0","2d207b28472de89fd742e379cee946f00aa40584c0943f983cbc7387512f3b00","34fe76303a1f8ea4aa5bfd28e4140db1062753044c56762034a878fbc6342a2e","PASS"
"6","measure","1","2","2","sha256:26662e149e7f97d7b67ebbfabef95e7151165d986f026221c8fc375f63c3cc2a","1e003a08d10a97fcf0d0bcf2e86bdd1a654a07e1fcc353afdc0307d949a161c3","cd6b446ffb998f0d2397686ff6da1c9cd991474b1bf14f829c17ab831692e4c8","fdb1f6b0fc752d55ac3d1a9701a52b8d83086ffa5e91fe739dd5bc195e77a7f0","2d207b28472de89fd742e379cee946f00aa40584c0943f983cbc7387512f3b00","34fe76303a1f8ea4aa5bfd28e4140db1062753044c56762034a878fbc6342a2e","PASS"
"7","measure","1","3","1","sha256:26662e149e7f97d7b67ebbfabef95e7151165d986f026221c8fc375f63c3cc2a","1e003a08d10a97fcf0d0bcf2e86bdd1a654a07e1fcc353afdc0307d949a161c3","cd6b446ffb998f0d2397686ff6da1c9cd991474b1bf14f829c17ab831692e4c8","fdb1f6b0fc752d55ac3d1a9701a52b8d83086ffa5e91fe739dd5bc195e77a7f0","2d207b28472de89fd742e379cee946f00aa40584c0943f983cbc7387512f3b00","34fe76303a1f8ea4aa5bfd28e4140db1062753044c56762034a878fbc6342a2e","PASS"
"8","measure","1","4","8","sha256:26662e149e7f97d7b67ebbfabef95e7151165d986f026221c8fc375f63c3cc2a","1e003a08d10a97fcf0d0bcf2e86bdd1a654a07e1fcc353afdc0307d949a161c3","cd6b446ffb998f0d2397686ff6da1c9cd991474b1bf14f829c17ab831692e4c8","fdb1f6b0fc752d55ac3d1a9701a52b8d83086ffa5e91fe739dd5bc195e77a7f0","2d207b28472de89fd742e379cee946f00aa40584c0943f983cbc7387512f3b00","34fe76303a1f8ea4aa5bfd28e4140db1062753044c56762034a878fbc6342a2e","PASS"
"9","measure","2","1","1","sha256:26662e149e7f97d7b67ebbfabef95e7151165d986f026221c8fc375f63c3cc2a","1e003a08d10a97fcf0d0bcf2e86bdd1a654a07e1fcc353afdc0307d949a161c3","cd6b446ffb998f0d2397686ff6da1c9cd991474b1bf14f829c17ab831692e4c8","fdb1f6b0fc752d55ac3d1a9701a52b8d83086ffa5e91fe739dd5bc195e77a7f0","2d207b28472de89fd742e379cee946f00aa40584c0943f983cbc7387512f3b00","34fe76303a1f8ea4aa5bfd28e4140db1062753044c56762034a878fbc6342a2e","PASS"
"10","measure","2","2","2","sha256:26662e149e7f97d7b67ebbfabef95e7151165d986f026221c8fc375f63c3cc2a","1e003a08d10a97fcf0d0bcf2e86bdd1a654a07e1fcc353afdc0307d949a161c3","cd6b446ffb998f0d2397686ff6da1c9cd991474b1bf14f829c17ab831692e4c8","fdb1f6b0fc752d55ac3d1a9701a52b8d83086ffa5e91fe739dd5bc195e77a7f0","2d207b28472de89fd742e379cee946f00aa40584c0943f983cbc7387512f3b00","34fe76303a1f8ea4aa5bfd28e4140db1062753044c56762034a878fbc6342a2e","PASS"
"11","measure","2","3","4","sha256:26662e149e7f97d7b67ebbfabef95e7151165d986f026221c8fc375f63c3cc2a","1e003a08d10a97fcf0d0bcf2e86bdd1a654a07e1fcc353afdc0307d949a161c3","cd6b446ffb998f0d2397686ff6da1c9cd991474b1bf14f829c17ab831692e4c8","fdb1f6b0fc752d55ac3d1a9701a52b8d83086ffa5e91fe739dd5bc195e77a7f0","2d207b28472de89fd742e379cee946f00aa40584c0943f983cbc7387512f3b00","34fe76303a1f8ea4aa5bfd28e4140db1062753044c56762034a878fbc6342a2e","PASS"
"12","measure","2","4","8","sha256:26662e149e7f97d7b67ebbfabef95e7151165d986f026221c8fc375f63c3cc2a","1e003a08d10a97fcf0d0bcf2e86bdd1a654a07e1fcc353afdc0307d949a161c3","cd6b446ffb998f0d2397686ff6da1c9cd991474b1bf14f829c17ab831692e4c8","fdb1f6b0fc752d55ac3d1a9701a52b8d83086ffa5e91fe739dd5bc195e77a7f0","2d207b28472de89fd742e379cee946f00aa40584c0943f983cbc7387512f3b00","34fe76303a1f8ea4aa5bfd28e4140db1062753044c56762034a878fbc6342a2e","PASS"
"13","measure","3","1","4","sha256:26662e149e7f97d7b67ebbfabef95e7151165d986f026221c8fc375f63c3cc2a","1e003a08d10a97fcf0d0bcf2e86bdd1a654a07e1fcc353afdc0307d949a161c3","cd6b446ffb998f0d2397686ff6da1c9cd991474b1bf14f829c17ab831692e4c8","fdb1f6b0fc752d55ac3d1a9701a52b8d83086ffa5e91fe739dd5bc195e77a7f0","2d207b28472de89fd742e379cee946f00aa40584c0943f983cbc7387512f3b00","34fe76303a1f8ea4aa5bfd28e4140db1062753044c56762034a878fbc6342a2e","PASS"
"14","measure","3","2","2","sha256:26662e149e7f97d7b67ebbfabef95e7151165d986f026221c8fc375f63c3cc2a","1e003a08d10a97fcf0d0bcf2e86bdd1a654a07e1fcc353afdc0307d949a161c3","cd6b446ffb998f0d2397686ff6da1c9cd991474b1bf14f829c17ab831692e4c8","fdb1f6b0fc752d55ac3d1a9701a52b8d83086ffa5e91fe739dd5bc195e77a7f0","2d207b28472de89fd742e379cee946f00aa40584c0943f983cbc7387512f3b00","34fe76303a1f8ea4aa5bfd28e4140db1062753044c56762034a878fbc6342a2e","PASS"
"15","measure","3","3","1","sha256:26662e149e7f97d7b67ebbfabef95e7151165d986f026221c8fc375f63c3cc2a","1e003a08d10a97fcf0d0bcf2e86bdd1a654a07e1fcc353afdc0307d949a161c3","cd6b446ffb998f0d2397686ff6da1c9cd991474b1bf14f829c17ab831692e4c8","fdb1f6b0fc752d55ac3d1a9701a52b8d83086ffa5e91fe739dd5bc195e77a7f0","2d207b28472de89fd742e379cee946f00aa40584c0943f983cbc7387512f3b00","34fe76303a1f8ea4aa5bfd28e4140db1062753044c56762034a878fbc6342a2e","PASS"
"16","measure","3","4","8","sha256:26662e149e7f97d7b67ebbfabef95e7151165d986f026221c8fc375f63c3cc2a","1e003a08d10a97fcf0d0bcf2e86bdd1a654a07e1fcc353afdc0307d949a161c3","cd6b446ffb998f0d2397686ff6da1c9cd991474b1bf14f829c17ab831692e4c8","fdb1f6b0fc752d55ac3d1a9701a52b8d83086ffa5e91fe739dd5bc195e77a7f0","2d207b28472de89fd742e379cee946f00aa40584c0943f983cbc7387512f3b00","34fe76303a1f8ea4aa5bfd28e4140db1062753044c56762034a878fbc6342a2e","PASS"
"17","measure","4","1","1","sha256:26662e149e7f97d7b67ebbfabef95e7151165d986f026221c8fc375f63c3cc2a","1e003a08d10a97fcf0d0bcf2e86bdd1a654a07e1fcc353afdc0307d949a161c3","cd6b446ffb998f0d2397686ff6da1c9cd991474b1bf14f829c17ab831692e4c8","fdb1f6b0fc752d55ac3d1a9701a52b8d83086ffa5e91fe739dd5bc195e77a7f0","2d207b28472de89fd742e379cee946f00aa40584c0943f983cbc7387512f3b00","34fe76303a1f8ea4aa5bfd28e4140db1062753044c56762034a878fbc6342a2e","PASS"
"18","measure","4","2","4","sha256:26662e149e7f97d7b67ebbfabef95e7151165d986f026221c8fc375f63c3cc2a","1e003a08d10a97fcf0d0bcf2e86bdd1a654a07e1fcc353afdc0307d949a161c3","cd6b446ffb998f0d2397686ff6da1c9cd991474b1bf14f829c17ab831692e4c8","fdb1f6b0fc752d55ac3d1a9701a52b8d83086ffa5e91fe739dd5bc195e77a7f0","2d207b28472de89fd742e379cee946f00aa40584c0943f983cbc7387512f3b00","34fe76303a1f8ea4aa5bfd28e4140db1062753044c56762034a878fbc6342a2e","PASS"
"19","measure","4","3","2","sha256:26662e149e7f97d7b67ebbfabef95e7151165d986f026221c8fc375f63c3cc2a","1e003a08d10a97fcf0d0bcf2e86bdd1a654a07e1fcc353afdc0307d949a161c3","cd6b446ffb998f0d2397686ff6da1c9cd991474b1bf14f829c17ab831692e4c8","fdb1f6b0fc752d55ac3d1a9701a52b8d83086ffa5e91fe739dd5bc195e77a7f0","2d207b28472de89fd742e379cee946f00aa40584c0943f983cbc7387512f3b00","34fe76303a1f8ea4aa5bfd28e4140db1062753044c56762034a878fbc6342a2e","PASS"
"20","measure","4","4","8","sha256:26662e149e7f97d7b67ebbfabef95e7151165d986f026221c8fc375f63c3cc2a","1e003a08d10a97fcf0d0bcf2e86bdd1a654a07e1fcc353afdc0307d949a161c3","cd6b446ffb998f0d2397686ff6da1c9cd991474b1bf14f829c17ab831692e4c8","fdb1f6b0fc752d55ac3d1a9701a52b8d83086ffa5e91fe739dd5bc195e77a7f0","2d207b28472de89fd742e379cee946f00aa40584c0943f983cbc7387512f3b00","34fe76303a1f8ea4aa5bfd28e4140db1062753044c56762034a878fbc6342a2e","PASS"
"21","measure","5","1","1","sha256:26662e149e7f97d7b67ebbfabef95e7151165d986f026221c8fc375f63c3cc2a","1e003a08d10a97fcf0d0bcf2e86bdd1a654a07e1fcc353afdc0307d949a161c3","cd6b446ffb998f0d2397686ff6da1c9cd991474b1bf14f829c17ab831692e4c8","fdb1f6b0fc752d55ac3d1a9701a52b8d83086ffa5e91fe739dd5bc195e77a7f0","2d207b28472de89fd742e379cee946f00aa40584c0943f983cbc7387512f3b00","34fe76303a1f8ea4aa5bfd28e4140db1062753044c56762034a878fbc6342a2e","PASS"
"22","measure","5","2","8","sha256:26662e149e7f97d7b67ebbfabef95e7151165d986f026221c8fc375f63c3cc2a","1e003a08d10a97fcf0d0bcf2e86bdd1a654a07e1fcc353afdc0307d949a161c3","cd6b446ffb998f0d2397686ff6da1c9cd991474b1bf14f829c17ab831692e4c8","fdb1f6b0fc752d55ac3d1a9701a52b8d83086ffa5e91fe739dd5bc195e77a7f0","2d207b28472de89fd742e379cee946f00aa40584c0943f983cbc7387512f3b00","34fe76303a1f8ea4aa5bfd28e4140db1062753044c56762034a878fbc6342a2e","PASS"
"23","measure","5","3","2","sha256:26662e149e7f97d7b67ebbfabef95e7151165d986f026221c8fc375f63c3cc2a","1e003a08d10a97fcf0d0bcf2e86bdd1a654a07e1fcc353afdc0307d949a161c3","cd6b446ffb998f0d2397686ff6da1c9cd991474b1bf14f829c17ab831692e4c8","fdb1f6b0fc752d55ac3d1a9701a52b8d83086ffa5e91fe739dd5bc195e77a7f0","2d207b28472de89fd742e379cee946f00aa40584c0943f983cbc7387512f3b00","34fe76303a1f8ea4aa5bfd28e4140db1062753044c56762034a878fbc6342a2e","PASS"
"24","measure","5","4","4","sha256:26662e149e7f97d7b67ebbfabef95e7151165d986f026221c8fc375f63c3cc2a","1e003a08d10a97fcf0d0bcf2e86bdd1a654a07e1fcc353afdc0307d949a161c3","cd6b446ffb998f0d2397686ff6da1c9cd991474b1bf14f829c17ab831692e4c8","fdb1f6b0fc752d55ac3d1a9701a52b8d83086ffa5e91fe739dd5bc195e77a7f0","2d207b28472de89fd742e379cee946f00aa40584c0943f983cbc7387512f3b00","34fe76303a1f8ea4aa5bfd28e4140db1062753044c56762034a878fbc6342a2e","PASS"
"25","measure","6","1","1","sha256:26662e149e7f97d7b67ebbfabef95e7151165d986f026221c8fc375f63c3cc2a","1e003a08d10a97fcf0d0bcf2e86bdd1a654a07e1fcc353afdc0307d949a161c3","cd6b446ffb998f0d2397686ff6da1c9cd991474b1bf14f829c17ab831692e4c8","fdb1f6b0fc752d55ac3d1a9701a52b8d83086ffa5e91fe739dd5bc195e77a7f0","2d207b28472de89fd742e379cee946f00aa40584c0943f983cbc7387512f3b00","34fe76303a1f8ea4aa5bfd28e4140db1062753044c56762034a878fbc6342a2e","PASS"
"26","measure","6","2","4","sha256:26662e149e7f97d7b67ebbfabef95e7151165d986f026221c8fc375f63c3cc2a","1e003a08d10a97fcf0d0bcf2e86bdd1a654a07e1fcc353afdc0307d949a161c3","cd6b446ffb998f0d2397686ff6da1c9cd991474b1bf14f829c17ab831692e4c8","fdb1f6b0fc752d55ac3d1a9701a52b8d83086ffa5e91fe739dd5bc195e77a7f0","2d207b28472de89fd742e379cee946f00aa40584c0943f983cbc7387512f3b00","34fe76303a1f8ea4aa5bfd28e4140db1062753044c56762034a878fbc6342a2e","PASS"
"27","measure","6","3","8","sha256:26662e149e7f97d7b67ebbfabef95e7151165d986f026221c8fc375f63c3cc2a","1e003a08d10a97fcf0d0bcf2e86bdd1a654a07e1fcc353afdc0307d949a161c3","cd6b446ffb998f0d2397686ff6da1c9cd991474b1bf14f829c17ab831692e4c8","fdb1f6b0fc752d55ac3d1a9701a52b8d83086ffa5e91fe739dd5bc195e77a7f0","2d207b28472de89fd742e379cee946f00aa40584c0943f983cbc7387512f3b00","34fe76303a1f8ea4aa5bfd28e4140db1062753044c56762034a878fbc6342a2e","PASS"
"28","measure","6","4","2","sha256:26662e149e7f97d7b67ebbfabef95e7151165d986f026221c8fc375f63c3cc2a","1e003a08d10a97fcf0d0bcf2e86bdd1a654a07e1fcc353afdc0307d949a161c3","cd6b446ffb998f0d2397686ff6da1c9cd991474b1bf14f829c17ab831692e4c8","fdb1f6b0fc752d55ac3d1a9701a52b8d83086ffa5e91fe739dd5bc195e77a7f0","2d207b28472de89fd742e379cee946f00aa40584c0943f983cbc7387512f3b00","34fe76303a1f8ea4aa5bfd28e4140db1062753044c56762034a878fbc6342a2e","PASS"
"29","measure","7","1","8","sha256:26662e149e7f97d7b67ebbfabef95e7151165d986f026221c8fc375f63c3cc2a","1e003a08d10a97fcf0d0bcf2e86bdd1a654a07e1fcc353afdc0307d949a161c3","cd6b446ffb998f0d2397686ff6da1c9cd991474b1bf14f829c17ab831692e4c8","fdb1f6b0fc752d55ac3d1a9701a52b8d83086ffa5e91fe739dd5bc195e77a7f0","2d207b28472de89fd742e379cee946f00aa40584c0943f983cbc7387512f3b00","34fe76303a1f8ea4aa5bfd28e4140db1062753044c56762034a878fbc6342a2e","PASS"
"30","measure","7","2","1","sha256:26662e149e7f97d7b67ebbfabef95e7151165d986f026221c8fc375f63c3cc2a","1e003a08d10a97fcf0d0bcf2e86bdd1a654a07e1fcc353afdc0307d949a161c3","cd6b446ffb998f0d2397686ff6da1c9cd991474b1bf14f829c17ab831692e4c8","fdb1f6b0fc752d55ac3d1a9701a52b8d83086ffa5e91fe739dd5bc195e77a7f0","2d207b28472de89fd742e379cee946f00aa40584c0943f983cbc7387512f3b00","34fe76303a1f8ea4aa5bfd28e4140db1062753044c56762034a878fbc6342a2e","PASS"
"31","measure","7","3","2","sha256:26662e149e7f97d7b67ebbfabef95e7151165d986f026221c8fc375f63c3cc2a","1e003a08d10a97fcf0d0bcf2e86bdd1a654a07e1fcc353afdc0307d949a161c3","cd6b446ffb998f0d2397686ff6da1c9cd991474b1bf14f829c17ab831692e4c8","fdb1f6b0fc752d55ac3d1a9701a52b8d83086ffa5e91fe739dd5bc195e77a7f0","2d207b28472de89fd742e379cee946f00aa40584c0943f983cbc7387512f3b00","34fe76303a1f8ea4aa5bfd28e4140db1062753044c56762034a878fbc6342a2e","PASS"
"32","measure","7","4","4","sha256:26662e149e7f97d7b67ebbfabef95e7151165d986f026221c8fc375f63c3cc2a","1e003a08d10a97fcf0d0bcf2e86bdd1a654a07e1fcc353afdc0307d949a161c3","cd6b446ffb998f0d2397686ff6da1c9cd991474b1bf14f829c17ab831692e4c8","fdb1f6b0fc752d55ac3d1a9701a52b8d83086ffa5e91fe739dd5bc195e77a7f0","2d207b28472de89fd742e379cee946f00aa40584c0943f983cbc7387512f3b00","34fe76303a1f8ea4aa5bfd28e4140db1062753044c56762034a878fbc6342a2e","PASS"
