"sequence","phase","round","order","flint_processes"
"1","warmup","1","1","2"
"2","warmup","1","2","1"
"3","warmup","1","3","8"
"4","warmup","1","4","4"
"5","measure","1","1","4"
"6","measure","1","2","2"
"7","measure","1","3","1"
"8","measure","1","4","8"
"9","measure","2","1","1"
"10","measure","2","2","2"
"11","measure","2","3","4"
"12","measure","2","4","8"
"13","measure","3","1","4"
"14","measure","3","2","2"
"15","measure","3","3","1"
"16","measure","3","4","8"
"17","measure","4","1","1"
"18","measure","4","2","4"
"19","measure","4","3","2"
"20","measure","4","4","8"
"21","measure","5","1","1"
"22","measure","5","2","8"
"23","measure","5","3","2"
"24","measure","5","4","4"
"25","measure","6","1","1"
"26","measure","6","2","4"
"27","measure","6","3","8"
"28","measure","6","4","2"
"29","measure","7","1","8"
"30","measure","7","2","1"
"31","measure","7","3","2"
"32","measure","7","4","4"
