"sequence","phase","round","order","workers","total_ns","proof_ns","generation_ns","congruence_ns","sieve_ns","packing_ns","h2d_ns","kernel_ns","d2h_ns","verification_ns","io_ns","checkpoint_ns","wall_elapsed_ms","worker_exit_code","watchdog_exit_code","verify_status","cpu_temperature_max_c","cpu_power_max_w","gpu_temperature_max_c","gpu_power_max_w","ram_available_min_bytes","vram_free_min_mib","whea_max","throttling","results_jsonl_sha256","campaign_checkpoint_json_sha256","manifest_sha256","coverage_report_json_sha256","search_yaml_sha256","status"
"1","warmup","1","1","1","3537154200","2364370900","284700","46619700","85071700","7864500","251392","117984","228256","1951814100","496333700","136944100","3613","WATCHDOG_VERIFIED","OUTPUT_VERIFIED","PASS","66.125","137.66118416963022","49","55.85","35885256704","12789","0","NO","1e003a08d10a97fcf0d0bcf2e86bdd1a654a07e1fcc353afdc0307d949a161c3","cd6b446ffb998f0d2397686ff6da1c9cd991474b1bf14f829c17ab831692e4c8","fdb1f6b0fc752d55ac3d1a9701a52b8d83086ffa5e91fe739dd5bc195e77a7f0","2d207b28472de89fd742e379cee946f00aa40584c0943f983cbc7387512f3b00","34fe76303a1f8ea4aa5bfd28e4140db1062753044c56762034a878fbc6342a2e","PASS"
"2","warmup","1","2","2","3096506300","1726539300","293500","47963000","87765200","7623800","279840","119936","239872","1943497500","420416900","138763100","3188","WATCHDOG_VERIFIED","OUTPUT_VERIFIED","PASS","67.875","144.55342703830286","48","54.62","35590303744","12763","0","NO","1e003a08d10a97fcf0d0bcf2e86bdd1a654a07e1fcc353afdc0307d949a161c3","cd6b446ffb998f0d2397686ff6da1c9cd991474b1bf14f829c17ab831692e4c8","fdb1f6b0fc752d55ac3d1a9701a52b8d83086ffa5e91fe739dd5bc195e77a7f0","2d207b28472de89fd742e379cee946f00aa40584c0943f983cbc7387512f3b00","34fe76303a1f8ea4aa5bfd28e4140db1062753044c56762034a878fbc6342a2e","PASS"
"3","warmup","1","4","4","2930866100","1504746300","294700","47300600","86727300","7708400","350592","216000","245856","1830455800","389084900","138246500","3004","WATCHDOG_VERIFIED","OUTPUT_VERIFIED","PASS","66.875","144.42998633799832","48","54.17","35444600832","12755","0","NO","1e003a08d10a97fcf0d0bcf2e86bdd1a654a07e1fcc353afdc0307d949a161c3","cd6b446ffb998f0d2397686ff6da1c9cd991474b1bf14f829c17ab831692e4c8","fdb1f6b0fc752d55ac3d1a9701a52b8d83086ffa5e91fe739dd5bc195e77a7f0","2d207b28472de89fd742e379cee946f00aa40584c0943f983cbc7387512f3b00","34fe76303a1f8ea4aa5bfd28e4140db1062753044c56762034a878fbc6342a2e","PASS"
"4","warmup","1","8","8","3081650900","1631684500","378800","48508100","87978500","7853900","288064","152800","263744","1987980400","408837400","132311900","3161","WATCHDOG_VERIFIED","OUTPUT_VERIFIED","PASS","67.875","149.84899972399396","48","57.05","35331436544","12801","0","NO","1e003a08d10a97fcf0d0bcf2e86bdd1a654a07e1fcc353afdc0307d949a161c3","cd6b446ffb998f0d2397686ff6da1c9cd991474b1bf14f829c17ab831692e4c8","fdb1f6b0fc752d55ac3d1a9701a52b8d83086ffa5e91fe739dd5bc195e77a7f0","2d207b28472de89fd742e379cee946f00aa40584c0943f983cbc7387512f3b00","34fe76303a1f8ea4aa5bfd28e4140db1062753044c56762034a878fbc6342a2e","PASS"
"5","warmup","1","16","16","3176125700","1654076500","286300","47547600","97602500","8505600","273216","144576","207616","1970966400","456455700","131920600","3258","WATCHDOG_VERIFIED","OUTPUT_VERIFIED","PASS","67.375","156.92526018566522","48","54.01","35372986368","12784","0","NO","1e003a08d10a97fcf0d0bcf2e86bdd1a654a07e1fcc353afdc0307d949a161c3","cd6b446ffb998f0d2397686ff6da1c9cd991474b1bf14f829c17ab831692e4c8","fdb1f6b0fc752d55ac3d1a9701a52b8d83086ffa5e91fe739dd5bc195e77a7f0","2d207b28472de89fd742e379cee946f00aa40584c0943f983cbc7387512f3b00","34fe76303a1f8ea4aa5bfd28e4140db1062753044c56762034a878fbc6342a2e","PASS"
"6","measure","1","1","16","3083545600","1640664800","313700","47397900","86892200","7954000","302560","195136","220416","1964874000","415617300","129449300","3158","WATCHDOG_VERIFIED","OUTPUT_VERIFIED","REFERENCE_HASH_IDENTITY","67.125","156.60451417550536","48","53.93","35333492736","12670","0","NO","1e003a08d10a97fcf0d0bcf2e86bdd1a654a07e1fcc353afdc0307d949a161c3","cd6b446ffb998f0d2397686ff6da1c9cd991474b1bf14f829c17ab831692e4c8","fdb1f6b0fc752d55ac3d1a9701a52b8d83086ffa5e91fe739dd5bc195e77a7f0","2d207b28472de89fd742e379cee946f00aa40584c0943f983cbc7387512f3b00","34fe76303a1f8ea4aa5bfd28e4140db1062753044c56762034a878fbc6342a2e","PASS"
"7","measure","1","2","2","3055006100","1714491200","282900","46695200","86646800","8644800","251712","129440","200480","1930564100","421065100","139849000","3128","WATCHDOG_VERIFIED","OUTPUT_VERIFIED","REFERENCE_HASH_IDENTITY","68.75","135.11849387960439","48","54.23","35233140736","12673","0","NO","1e003a08d10a97fcf0d0bcf2e86bdd1a654a07e1fcc353afdc0307d949a161c3","cd6b446ffb998f0d2397686ff6da1c9cd991474b1bf14f829c17ab831692e4c8","fdb1f6b0fc752d55ac3d1a9701a52b8d83086ffa5e91fe739dd5bc195e77a7f0","2d207b28472de89fd742e379cee946f00aa40584c0943f983cbc7387512f3b00","34fe76303a1f8ea4aa5bfd28e4140db1062753044c56762034a878fbc6342a2e","PASS"
"8","measure","1","3","8","2918574300","1527045000","293900","47529800","85941300","7725200","249856","121568","216960","1852435100","401020800","137224900","3007","WATCHDOG_VERIFIED","OUTPUT_VERIFIED","REFERENCE_HASH_IDENTITY","69.25","142.90775532119468","49","55.09","35163947008","12644","0","NO","1e003a08d10a97fcf0d0bcf2e86bdd1a654a07e1fcc353afdc0307d949a161c3","cd6b446ffb998f0d2397686ff6da1c9cd991474b1bf14f829c17ab831692e4c8","fdb1f6b0fc752d55ac3d1a9701a52b8d83086ffa5e91fe739dd5bc195e77a7f0","2d207b28472de89fd742e379cee946f00aa40584c0943f983cbc7387512f3b00","34fe76303a1f8ea4aa5bfd28e4140db1062753044c56762034a878fbc6342a2e","PASS"
"9","measure","1","4","4","2971664700","1566167000","279200","47269000","87184900","7575200","289056","171776","217440","1900846500","400375500","134629300","3050","WATCHDOG_VERIFIED","OUTPUT_VERIFIED","REFERENCE_HASH_IDENTITY","67","138.65684052663633","48","55.38","35216637952","12649","0","NO","1e003a08d10a97fcf0d0bcf2e86bdd1a654a07e1fcc353afdc0307d949a161c3","cd6b446ffb998f0d2397686ff6da1c9cd991474b1bf14f829c17ab831692e4c8","fdb1f6b0fc752d55ac3d1a9701a52b8d83086ffa5e91fe739dd5bc195e77a7f0","2d207b28472de89fd742e379cee946f00aa40584c0943f983cbc7387512f3b00","34fe76303a1f8ea4aa5bfd28e4140db1062753044c56762034a878fbc6342a2e","PASS"
"10","measure","1","5","1","3628280500","2360760800","280300","47352100","87401700","7978900","250304","127840","223680","1950612400","584054500","152112800","3705","WATCHDOG_VERIFIED","OUTPUT_VERIFIED","REFERENCE_HASH_IDENTITY","73.125","152.17577569604987","49","57.4","35107110912","12676","0","NO","1e003a08d10a97fcf0d0bcf2e86bdd1a654a07e1fcc353afdc0307d949a161c3","cd6b446ffb998f0d2397686ff6da1c9cd991474b1bf14f829c17ab831692e4c8","fdb1f6b0fc752d55ac3d1a9701a52b8d83086ffa5e91fe739dd5bc195e77a7f0","2d207b28472de89fd742e379cee946f00aa40584c0943f983cbc7387512f3b00","34fe76303a1f8ea4aa5bfd28e4140db1062753044c56762034a878fbc6342a2e","PASS"
"11","measure","2","1","4","3067101300","1626963200","293700","47296500","86681500","7923000","296352","165152","211552","1965576800","401113800","130712100","3145","WATCHDOG_VERIFIED","OUTPUT_VERIFIED","REFERENCE_HASH_IDENTITY","68.5","140.90384236189615","48","54.92","35333869568","12712","0","NO","1e003a08d10a97fcf0d0bcf2e86bdd1a654a07e1fcc353afdc0307d949a161c3","cd6b446ffb998f0d2397686ff6da1c9cd991474b1bf14f829c17ab831692e4c8","fdb1f6b0fc752d55ac3d1a9701a52b8d83086ffa5e91fe739dd5bc195e77a7f0","2d207b28472de89fd742e379cee946f00aa40584c0943f983cbc7387512f3b00","34fe76303a1f8ea4aa5bfd28e4140db1062753044c56762034a878fbc6342a2e","PASS"
"12","measure","2","2","1","3409750700","2314594200","337800","48437600","86412300","7664300","255296","269184","259424","1926693500","434958800","133113300","3487","WATCHDOG_VERIFIED","OUTPUT_VERIFIED","REFERENCE_HASH_IDENTITY","68.5","137.98918142654023","49","54.43","35265122304","12715","0","NO","1e003a08d10a97fcf0d0bcf2e86bdd1a654a07e1fcc353afdc0307d949a161c3","cd6b446ffb998f0d2397686ff6da1c9cd991474b1bf14f829c17ab831692e4c8","fdb1f6b0fc752d55ac3d1a9701a52b8d83086ffa5e91fe739dd5bc195e77a7f0","2d207b28472de89fd742e379cee946f00aa40584c0943f983cbc7387512f3b00","34fe76303a1f8ea4aa5bfd28e4140db1062753044c56762034a878fbc6342a2e","PASS"
"13","measure","2","3","2","3073504800","1741235000","289200","47987200","86725800","8149500","304736","175904","355455","1988368800","413160800","135817400","3151","WATCHDOG_VERIFIED","OUTPUT_VERIFIED","REFERENCE_HASH_IDENTITY","70.125","151.61576240408027","49","55.58","35122913280","12742","0","NO","1e003a08d10a97fcf0d0bcf2e86bdd1a654a07e1fcc353afdc0307d949a161c3","cd6b446ffb998f0d2397686ff6da1c9cd991474b1bf14f829c17ab831692e4c8","fdb1f6b0fc752d55ac3d1a9701a52b8d83086ffa5e91fe739dd5bc195e77a7f0","2d207b28472de89fd742e379cee946f00aa40584c0943f983cbc7387512f3b00","34fe76303a1f8ea4aa5bfd28e4140db1062753044c56762034a878fbc6342a2e","PASS"
"14","measure","2","4","8","2903497800","1513057300","296100","47300400","86357100","7496500","264512","236320","158048","1826144800","399818600","140944800","2983","WATCHDOG_VERIFIED","OUTPUT_VERIFIED","REFERENCE_HASH_IDENTITY","66.75","141.19514029479191","49","55.38","35085983744","12716","0","NO","1e003a08d10a97fcf0d0bcf2e86bdd1a654a07e1fcc353afdc0307d949a161c3","cd6b446ffb998f0d2397686ff6da1c9cd991474b1bf14f829c17ab831692e4c8","fdb1f6b0fc752d55ac3d1a9701a52b8d83086ffa5e91fe739dd5bc195e77a7f0","2d207b28472de89fd742e379cee946f00aa40584c0943f983cbc7387512f3b00","34fe76303a1f8ea4aa5bfd28e4140db1062753044c56762034a878fbc6342a2e","PASS"
"15","measure","2","5","16","2988425600","1586629500","302900","48224700","87707800","7799900","380064","138048","190944","1905568400","406504500","139853500","3068","WATCHDOG_VERIFIED","OUTPUT_VERIFIED","REFERENCE_HASH_IDENTITY","69.875","150.5630497915183","49","57.16","34979639296","12718","0","NO","1e003a08d10a97fcf0d0bcf2e86bdd1a654a07e1fcc353afdc0307d949a161c3","cd6b446ffb998f0d2397686ff6da1c9cd991474b1bf14f829c17ab831692e4c8","fdb1f6b0fc752d55ac3d1a9701a52b8d83086ffa5e91fe739dd5bc195e77a7f0","2d207b28472de89fd742e379cee946f00aa40584c0943f983cbc7387512f3b00","34fe76303a1f8ea4aa5bfd28e4140db1062753044c56762034a878fbc6342a2e","PASS"
"16","measure","3","1","16","2955133400","1529802100","302600","47863700","86231200","7534000","304128","104416","243360","1847770800","427984600","138308300","3033","WATCHDOG_VERIFIED","OUTPUT_VERIFIED","REFERENCE_HASH_IDENTITY","71.25","144.32394264857876","49","56.51","34960941056","12674","0","NO","1e003a08d10a97fcf0d0bcf2e86bdd1a654a07e1fcc353afdc0307d949a161c3","cd6b446ffb998f0d2397686ff6da1c9cd991474b1bf14f829c17ab831692e4c8","fdb1f6b0fc752d55ac3d1a9701a52b8d83086ffa5e91fe739dd5bc195e77a7f0","2d207b28472de89fd742e379cee946f00aa40584c0943f983cbc7387512f3b00","34fe76303a1f8ea4aa5bfd28e4140db1062753044c56762034a878fbc6342a2e","PASS"
"17","measure","3","2","1","3599938800","2402957200","287000","48638800","101448200","8468300","280704","158144","226048","2069185800","439334600","141023300","3680","WATCHDOG_VERIFIED","OUTPUT_VERIFIED","REFERENCE_HASH_IDENTITY","67.5","147.99495819082443","49","55.83","34825723904","12780","0","NO","1e003a08d10a97fcf0d0bcf2e86bdd1a654a07e1fcc353afdc0307d949a161c3","cd6b446ffb998f0d2397686ff6da1c9cd991474b1bf14f829c17ab831692e4c8","fdb1f6b0fc752d55ac3d1a9701a52b8d83086ffa5e91fe739dd5bc195e77a7f0","2d207b28472de89fd742e379cee946f00aa40584c0943f983cbc7387512f3b00","34fe76303a1f8ea4aa5bfd28e4140db1062753044c56762034a878fbc6342a2e","PASS"
"18","measure","3","3","2","3251299900","1907636400","313100","47402500","85477600","7761900","265472","128320","203264","2109965100","450936000","136702000","3324","WATCHDOG_VERIFIED","OUTPUT_VERIFIED","REFERENCE_HASH_IDENTITY","69.5","146.70068256900461","49","56.34","34733940736","12783","0","NO","1e003a08d10a97fcf0d0bcf2e86bdd1a654a07e1fcc353afdc0307d949a161c3","cd6b446ffb998f0d2397686ff6da1c9cd991474b1bf14f829c17ab831692e4c8","fdb1f6b0fc752d55ac3d1a9701a52b8d83086ffa5e91fe739dd5bc195e77a7f0","2d207b28472de89fd742e379cee946f00aa40584c0943f983cbc7387512f3b00","34fe76303a1f8ea4aa5bfd28e4140db1062753044c56762034a878fbc6342a2e","PASS"
"19","measure","3","4","4","2914989900","1499192400","284300","47011800","86330700","7526700","277984","108640","206496","1822273500","392367300","139409800","2994","WATCHDOG_VERIFIED","OUTPUT_VERIFIED","REFERENCE_HASH_IDENTITY","70","139.70104856201766","49","55.02","34678394880","12785","0","NO","1e003a08d10a97fcf0d0bcf2e86bdd1a654a07e1fcc353afdc0307d949a161c3","cd6b446ffb998f0d2397686ff6da1c9cd991474b1bf14f829c17ab831692e4c8","fdb1f6b0fc752d55ac3d1a9701a52b8d83086ffa5e91fe739dd5bc195e77a7f0","2d207b28472de89fd742e379cee946f00aa40584c0943f983cbc7387512f3b00","34fe76303a1f8ea4aa5bfd28e4140db1062753044c56762034a878fbc6342a2e","PASS"
"20","measure","3","5","8","3098614000","1619686800","300100","47051700","84565500","8200500","306304","105056","271039","1977131500","416798300","143335200","3174","WATCHDOG_VERIFIED","OUTPUT_VERIFIED","REFERENCE_HASH_IDENTITY","66.875","145.844182018193","49","54.77","34749198336","12692","0","NO","1e003a08d10a97fcf0d0bcf2e86bdd1a654a07e1fcc353afdc0307d949a161c3","cd6b446ffb998f0d2397686ff6da1c9cd991474b1bf14f829c17ab831692e4c8","fdb1f6b0fc752d55ac3d1a9701a52b8d83086ffa5e91fe739dd5bc195e77a7f0","2d207b28472de89fd742e379cee946f00aa40584c0943f983cbc7387512f3b00","34fe76303a1f8ea4aa5bfd28e4140db1062753044c56762034a878fbc6342a2e","PASS"
"21","measure","4","1","4","2994868000","1598962600","299900","48025800","86463300","7668300","249056","145856","191072","1925190200","396961400","139704300","3072","WATCHDOG_VERIFIED","OUTPUT_VERIFIED","REFERENCE_HASH_IDENTITY","69.5","144.75592237709358","49","56.31","34652463104","12606","0","NO","1e003a08d10a97fcf0d0bcf2e86bdd1a654a07e1fcc353afdc0307d949a161c3","cd6b446ffb998f0d2397686ff6da1c9cd991474b1bf14f829c17ab831692e4c8","fdb1f6b0fc752d55ac3d1a9701a52b8d83086ffa5e91fe739dd5bc195e77a7f0","2d207b28472de89fd742e379cee946f00aa40584c0943f983cbc7387512f3b00","34fe76303a1f8ea4aa5bfd28e4140db1062753044c56762034a878fbc6342a2e","PASS"
"22","measure","4","2","2","3355518200","1878341500","291400","46775100","84448800","8482200","246912","137088","244191","2141364100","470194300","140295500","3433","WATCHDOG_VERIFIED","OUTPUT_VERIFIED","REFERENCE_HASH_IDENTITY","66.75","150.31482444683468","49","54.71","34677477376","12680","0","NO","1e003a08d10a97fcf0d0bcf2e86bdd1a654a07e1fcc353afdc0307d949a161c3","cd6b446ffb998f0d2397686ff6da1c9cd991474b1bf14f829c17ab831692e4c8","fdb1f6b0fc752d55ac3d1a9701a52b8d83086ffa5e91fe739dd5bc195e77a7f0","2d207b28472de89fd742e379cee946f00aa40584c0943f983cbc7387512f3b00","34fe76303a1f8ea4aa5bfd28e4140db1062753044c56762034a878fbc6342a2e","PASS"
"23","measure","4","3","16","2945872100","1529074400","423600","47411400","85170900","8107200","248672","116512","252992","1847136800","409594900","140234300","3022","WATCHDOG_VERIFIED","OUTPUT_VERIFIED","REFERENCE_HASH_IDENTITY","68","141.99704594367327","49","56.7","34604175360","12740","0","NO","1e003a08d10a97fcf0d0bcf2e86bdd1a654a07e1fcc353afdc0307d949a161c3","cd6b446ffb998f0d2397686ff6da1c9cd991474b1bf14f829c17ab831692e4c8","fdb1f6b0fc752d55ac3d1a9701a52b8d83086ffa5e91fe739dd5bc195e77a7f0","2d207b28472de89fd742e379cee946f00aa40584c0943f983cbc7387512f3b00","34fe76303a1f8ea4aa5bfd28e4140db1062753044c56762034a878fbc6342a2e","PASS"
"24","measure","4","4","8","3023853900","1566991600","327100","48828100","89607900","7672500","264512","129664","231808","1924223600","421502500","136418800","3117","WATCHDOG_VERIFIED","OUTPUT_VERIFIED","REFERENCE_HASH_IDENTITY","71.5","156.58786801566251","49","56.75","34467057664","12673","0","NO","1e003a08d10a97fcf0d0bcf2e86bdd1a654a07e1fcc353afdc0307d949a161c3","cd6b446ffb998f0d2397686ff6da1c9cd991474b1bf14f829c17ab831692e4c8","fdb1f6b0fc752d55ac3d1a9701a52b8d83086ffa5e91fe739dd5bc195e77a7f0","2d207b28472de89fd742e379cee946f00aa40584c0943f983cbc7387512f3b00","34fe76303a1f8ea4aa5bfd28e4140db1062753044c56762034a878fbc6342a2e","PASS"
"25","measure","4","5","1","3583465200","2258578100","292800","46859700","85038500","7740700","246784","141792","295712","1887491900","631849200","138666500","3668","WATCHDOG_VERIFIED","OUTPUT_VERIFIED","REFERENCE_HASH_IDENTITY","66.75","139.35556230374161","49","54.61","34404147200","12628","0","NO","1e003a08d10a97fcf0d0bcf2e86bdd1a654a07e1fcc353afdc0307d949a161c3","cd6b446ffb998f0d2397686ff6da1c9cd991474b1bf14f829c17ab831692e4c8","fdb1f6b0fc752d55ac3d1a9701a52b8d83086ffa5e91fe739dd5bc195e77a7f0","2d207b28472de89fd742e379cee946f00aa40584c0943f983cbc7387512f3b00","34fe76303a1f8ea4aa5bfd28e4140db1062753044c56762034a878fbc6342a2e","PASS"
"26","measure","5","1","4","2897434800","1519864000","304800","48420200","88016000","7608300","274880","138560","205856","1827522500","410827900","135048200","2969","WATCHDOG_VERIFIED","OUTPUT_VERIFIED","REFERENCE_HASH_IDENTITY","70","142.58198296379132","49","55.39","34419982336","12628","0","NO","1e003a08d10a97fcf0d0bcf2e86bdd1a654a07e1fcc353afdc0307d949a161c3","cd6b446ffb998f0d2397686ff6da1c9cd991474b1bf14f829c17ab831692e4c8","fdb1f6b0fc752d55ac3d1a9701a52b8d83086ffa5e91fe739dd5bc195e77a7f0","2d207b28472de89fd742e379cee946f00aa40584c0943f983cbc7387512f3b00","34fe76303a1f8ea4aa5bfd28e4140db1062753044c56762034a878fbc6342a2e","PASS"
"27","measure","5","2","8","3004663200","1551710800","286600","46919500","85608200","8316100","250656","186432","196352","1885024800","423910100","144408600","3085","WATCHDOG_VERIFIED","OUTPUT_VERIFIED","REFERENCE_HASH_IDENTITY","67.375","147.63726336491877","49","56.5","34320363520","12628","0","NO","1e003a08d10a97fcf0d0bcf2e86bdd1a654a07e1fcc353afdc0307d949a161c3","cd6b446ffb998f0d2397686ff6da1c9cd991474b1bf14f829c17ab831692e4c8","fdb1f6b0fc752d55ac3d1a9701a52b8d83086ffa5e91fe739dd5bc195e77a7f0","2d207b28472de89fd742e379cee946f00aa40584c0943f983cbc7387512f3b00","34fe76303a1f8ea4aa5bfd28e4140db1062753044c56762034a878fbc6342a2e","PASS"
"28","measure","5","3","2","3074140900","1732813300","321300","48627100","86505500","7541900","249888","135136","187968","1948297700","438769600","153677800","3156","WATCHDOG_VERIFIED","OUTPUT_VERIFIED","REFERENCE_HASH_IDENTITY","69","138.97697227663963","49","54.54","34332557312","12638","0","NO","1e003a08d10a97fcf0d0bcf2e86bdd1a654a07e1fcc353afdc0307d949a161c3","cd6b446ffb998f0d2397686ff6da1c9cd991474b1bf14f829c17ab831692e4c8","fdb1f6b0fc752d55ac3d1a9701a52b8d83086ffa5e91fe739dd5bc195e77a7f0","2d207b28472de89fd742e379cee946f00aa40584c0943f983cbc7387512f3b00","34fe76303a1f8ea4aa5bfd28e4140db1062753044c56762034a878fbc6342a2e","PASS"
"29","measure","5","4","16","2912759200","1490372200","291900","46828500","85802000","7526400","305760","123744","220128","1813262100","423081500","145444600","2986","WATCHDOG_VERIFIED","OUTPUT_VERIFIED","REFERENCE_HASH_IDENTITY","68.875","145.06113361993911","49","54.77","34251776000","12643","0","NO","1e003a08d10a97fcf0d0bcf2e86bdd1a654a07e1fcc353afdc0307d949a161c3","cd6b446ffb998f0d2397686ff6da1c9cd991474b1bf14f829c17ab831692e4c8","fdb1f6b0fc752d55ac3d1a9701a52b8d83086ffa5e91fe739dd5bc195e77a7f0","2d207b28472de89fd742e379cee946f00aa40584c0943f983cbc7387512f3b00","34fe76303a1f8ea4aa5bfd28e4140db1062753044c56762034a878fbc6342a2e","PASS"
"30","measure","5","5","1","3457467700","2275144300","292400","47018800","85309800","7555400","318367","154528","212256","1905050800","506565800","138038800","3535","WATCHDOG_VERIFIED","OUTPUT_VERIFIED","REFERENCE_HASH_IDENTITY","69.625","133.04299084965484","49","55.31","34162040832","12642","0","NO","1e003a08d10a97fcf0d0bcf2e86bdd1a654a07e1fcc353afdc0307d949a161c3","cd6b446ffb998f0d2397686ff6da1c9cd991474b1bf14f829c17ab831692e4c8","fdb1f6b0fc752d55ac3d1a9701a52b8d83086ffa5e91fe739dd5bc195e77a7f0","2d207b28472de89fd742e379cee946f00aa40584c0943f983cbc7387512f3b00","34fe76303a1f8ea4aa5bfd28e4140db1062753044c56762034a878fbc6342a2e","PASS"
"31","measure","6","1","16","2915030100","1513149000","306800","47432100","89219700","7826300","264512","140992","188384","1831678100","409479400","138378800","2990","WATCHDOG_VERIFIED","OUTPUT_VERIFIED","REFERENCE_HASH_IDENTITY","70","143.35627882446158","49","55.05","34100916224","12644","0","NO","1e003a08d10a97fcf0d0bcf2e86bdd1a654a07e1fcc353afdc0307d949a161c3","cd6b446ffb998f0d2397686ff6da1c9cd991474b1bf14f829c17ab831692e4c8","fdb1f6b0fc752d55ac3d1a9701a52b8d83086ffa5e91fe739dd5bc195e77a7f0","2d207b28472de89fd742e379cee946f00aa40584c0943f983cbc7387512f3b00","34fe76303a1f8ea4aa5bfd28e4140db1062753044c56762034a878fbc6342a2e","PASS"
"32","measure","6","2","4","3048362000","1559340200","294800","47278500","85991400","7850500","267808","125280","263008","1884215900","483425600","139811000","3139","WATCHDOG_VERIFIED","OUTPUT_VERIFIED","REFERENCE_HASH_IDENTITY","70.25","141.35304123319213","49","55.28","33971720192","12646","0","NO","1e003a08d10a97fcf0d0bcf2e86bdd1a654a07e1fcc353afdc0307d949a161c3","cd6b446ffb998f0d2397686ff6da1c9cd991474b1bf14f829c17ab831692e4c8","fdb1f6b0fc752d55ac3d1a9701a52b8d83086ffa5e91fe739dd5bc195e77a7f0","2d207b28472de89fd742e379cee946f00aa40584c0943f983cbc7387512f3b00","34fe76303a1f8ea4aa5bfd28e4140db1062753044c56762034a878fbc6342a2e","PASS"
"33","measure","6","3","1","3658832700","2435748700","294200","47411000","87433600","7874900","269920","135872","218400","1991740400","464542900","168293200","3745","WATCHDOG_VERIFIED","OUTPUT_VERIFIED","REFERENCE_HASH_IDENTITY","66.875","135.79023866402798","49","56.63","33930579968","12629","0","NO","1e003a08d10a97fcf0d0bcf2e86bdd1a654a07e1fcc353afdc0307d949a161c3","cd6b446ffb998f0d2397686ff6da1c9cd991474b1bf14f829c17ab831692e4c8","fdb1f6b0fc752d55ac3d1a9701a52b8d83086ffa5e91fe739dd5bc195e77a7f0","2d207b28472de89fd742e379cee946f00aa40584c0943f983cbc7387512f3b00","34fe76303a1f8ea4aa5bfd28e4140db1062753044c56762034a878fbc6342a2e","PASS"
"34","measure","6","4","2","3064461500","1745490400","325800","47767800","87092400","7587100","318720","119424","238944","1969737300","430980000","135435700","3147","WATCHDOG_VERIFIED","OUTPUT_VERIFIED","REFERENCE_HASH_IDENTITY","69.875","140.65927297607428","49","56.69","33867321344","12707","0","NO","1e003a08d10a97fcf0d0bcf2e86bdd1a654a07e1fcc353afdc0307d949a161c3","cd6b446ffb998f0d2397686ff6da1c9cd991474b1bf14f829c17ab831692e4c8","fdb1f6b0fc752d55ac3d1a9701a52b8d83086ffa5e91fe739dd5bc195e77a7f0","2d207b28472de89fd742e379cee946f00aa40584c0943f983cbc7387512f3b00","34fe76303a1f8ea4aa5bfd28e4140db1062753044c56762034a878fbc6342a2e","PASS"
"35","measure","6","5","8","2902226200","1501493100","297300","47571300","89150800","7627600","250848","125632","278304","1827592700","393030700","140602600","2981","WATCHDOG_VERIFIED","OUTPUT_VERIFIED","REFERENCE_HASH_IDENTITY","69.375","141.62872129998024","49","56.13","33897820160","12801","0","NO","1e003a08d10a97fcf0d0bcf2e86bdd1a654a07e1fcc353afdc0307d949a161c3","cd6b446ffb998f0d2397686ff6da1c9cd991474b1bf14f829c17ab831692e4c8","fdb1f6b0fc752d55ac3d1a9701a52b8d83086ffa5e91fe739dd5bc195e77a7f0","2d207b28472de89fd742e379cee946f00aa40584c0943f983cbc7387512f3b00","34fe76303a1f8ea4aa5bfd28e4140db1062753044c56762034a878fbc6342a2e","PASS"
"36","measure","7","1","4","2922695100","1511368300","289300","47202100","87261900","7655500","278208","134464","242688","1829557300","394977500","141443300","2994","WATCHDOG_VERIFIED","OUTPUT_VERIFIED","REFERENCE_HASH_IDENTITY","66.75","141.66636444849328","49","54.78","33885839360","12805","0","NO","1e003a08d10a97fcf0d0bcf2e86bdd1a654a07e1fcc353afdc0307d949a161c3","cd6b446ffb998f0d2397686ff6da1c9cd991474b1bf14f829c17ab831692e4c8","fdb1f6b0fc752d55ac3d1a9701a52b8d83086ffa5e91fe739dd5bc195e77a7f0","2d207b28472de89fd742e379cee946f00aa40584c0943f983cbc7387512f3b00","34fe76303a1f8ea4aa5bfd28e4140db1062753044c56762034a878fbc6342a2e","PASS"
"37","measure","7","2","16","2933919200","1553535200","280600","47231200","85973100","7558700","256320","119136","222112","1868931100","394265800","141677200","3009","WATCHDOG_VERIFIED","OUTPUT_VERIFIED","REFERENCE_HASH_IDENTITY","69.25","151.95148363960308","49","55.5","33854935040","12710","0","NO","1e003a08d10a97fcf0d0bcf2e86bdd1a654a07e1fcc353afdc0307d949a161c3","cd6b446ffb998f0d2397686ff6da1c9cd991474b1bf14f829c17ab831692e4c8","fdb1f6b0fc752d55ac3d1a9701a52b8d83086ffa5e91fe739dd5bc195e77a7f0","2d207b28472de89fd742e379cee946f00aa40584c0943f983cbc7387512f3b00","34fe76303a1f8ea4aa5bfd28e4140db1062753044c56762034a878fbc6342a2e","PASS"
"38","measure","7","3","2","2995075800","1731965200","315800","46483400","85988100","8304200","266048","109312","197376","1937923500","384324500","134648000","3070","WATCHDOG_VERIFIED","OUTPUT_VERIFIED","REFERENCE_HASH_IDENTITY","70.5","148.18869166988455","49","55.02","33709326336","12730","0","NO","1e003a08d10a97fcf0d0bcf2e86bdd1a654a07e1fcc353afdc0307d949a161c3","cd6b446ffb998f0d2397686ff6da1c9cd991474b1bf14f829c17ab831692e4c8","fdb1f6b0fc752d55ac3d1a9701a52b8d83086ffa5e91fe739dd5bc195e77a7f0","2d207b28472de89fd742e379cee946f00aa40584c0943f983cbc7387512f3b00","34fe76303a1f8ea4aa5bfd28e4140db1062753044c56762034a878fbc6342a2e","PASS"
"39","measure","7","4","8","2945446300","1567213300","335100","47746300","88418700","7546900","247616","137632","215040","1871478400","405010200","138916000","3023","WATCHDOG_VERIFIED","OUTPUT_VERIFIED","REFERENCE_HASH_IDENTITY","70","145.6013588960507","49","55.57","33742938112","12714","0","NO","1e003a08d10a97fcf0d0bcf2e86bdd1a654a07e1fcc353afdc0307d949a161c3","cd6b446ffb998f0d2397686ff6da1c9cd991474b1bf14f829c17ab831692e4c8","fdb1f6b0fc752d55ac3d1a9701a52b8d83086ffa5e91fe739dd5bc195e77a7f0","2d207b28472de89fd742e379cee946f00aa40584c0943f983cbc7387512f3b00","34fe76303a1f8ea4aa5bfd28e4140db1062753044c56762034a878fbc6342a2e","PASS"
"40","measure","7","5","1","3743756900","2445794900","419800","47707800","87293900","7574400","257184","120928","199168","1968534400","567129100","152179300","3834","WATCHDOG_VERIFIED","OUTPUT_VERIFIED","REFERENCE_HASH_IDENTITY","67.75","142.47161484229503","50","57.7","33699479552","12694","0","NO","1e003a08d10a97fcf0d0bcf2e86bdd1a654a07e1fcc353afdc0307d949a161c3","cd6b446ffb998f0d2397686ff6da1c9cd991474b1bf14f829c17ab831692e4c8","fdb1f6b0fc752d55ac3d1a9701a52b8d83086ffa5e91fe739dd5bc195e77a7f0","2d207b28472de89fd742e379cee946f00aa40584c0943f983cbc7387512f3b00","34fe76303a1f8ea4aa5bfd28e4140db1062753044c56762034a878fbc6342a2e","PASS"
"41","measure","8","1","2","3157151800","1780491400","347200","48149300","86522400","7500500","462304","120800","215296","2026158500","440993300","137932000","3244","WATCHDOG_VERIFIED","OUTPUT_VERIFIED","REFERENCE_HASH_IDENTITY","68.25","151.81771327881802","50","58.5","33609773056","12703","0","NO","1e003a08d10a97fcf0d0bcf2e86bdd1a654a07e1fcc353afdc0307d949a161c3","cd6b446ffb998f0d2397686ff6da1c9cd991474b1bf14f829c17ab831692e4c8","fdb1f6b0fc752d55ac3d1a9701a52b8d83086ffa5e91fe739dd5bc195e77a7f0","2d207b28472de89fd742e379cee946f00aa40584c0943f983cbc7387512f3b00","34fe76303a1f8ea4aa5bfd28e4140db1062753044c56762034a878fbc6342a2e","PASS"
"42","measure","8","2","16","2985891300","1536273700","306800","47558700","85898500","7484400","255584","134080","212576","1887423500","409978500","142763100","3069","WATCHDOG_VERIFIED","OUTPUT_VERIFIED","REFERENCE_HASH_IDENTITY","68.125","144.59822684832105","50","57.85","33563308032","12787","0","NO","1e003a08d10a97fcf0d0bcf2e86bdd1a654a07e1fcc353afdc0307d949a161c3","cd6b446ffb998f0d2397686ff6da1c9cd991474b1bf14f829c17ab831692e4c8","fdb1f6b0fc752d55ac3d1a9701a52b8d83086ffa5e91fe739dd5bc195e77a7f0","2d207b28472de89fd742e379cee946f00aa40584c0943f983cbc7387512f3b00","34fe76303a1f8ea4aa5bfd28e4140db1062753044c56762034a878fbc6342a2e","PASS"
"43","measure","8","3","4","2974682000","1546061000","322200","47796000","88797600","8051200","265504","128832","220288","1893164200","398840200","143903700","3057","WATCHDOG_VERIFIED","OUTPUT_VERIFIED","REFERENCE_HASH_IDENTITY","70.25","148.67718341676326","50","57.68","33491378176","12793","0","NO","1e003a08d10a97fcf0d0bcf2e86bdd1a654a07e1fcc353afdc0307d949a161c3","cd6b446ffb998f0d2397686ff6da1c9cd991474b1bf14f829c17ab831692e4c8","fdb1f6b0fc752d55ac3d1a9701a52b8d83086ffa5e91fe739dd5bc195e77a7f0","2d207b28472de89fd742e379cee946f00aa40584c0943f983cbc7387512f3b00","34fe76303a1f8ea4aa5bfd28e4140db1062753044c56762034a878fbc6342a2e","PASS"
"44","measure","8","4","1","3599348900","2361078500","332000","55631400","103408900","8604800","252384","299392","222432","1970481500","495503100","145473800","3693","WATCHDOG_VERIFIED","OUTPUT_VERIFIED","REFERENCE_HASH_IDENTITY","68","140.37877755055058","50","57.45","33449590784","12729","0","NO","1e003a08d10a97fcf0d0bcf2e86bdd1a654a07e1fcc353afdc0307d949a161c3","cd6b446ffb998f0d2397686ff6da1c9cd991474b1bf14f829c17ab831692e4c8","fdb1f6b0fc752d55ac3d1a9701a52b8d83086ffa5e91fe739dd5bc195e77a7f0","2d207b28472de89fd742e379cee946f00aa40584c0943f983cbc7387512f3b00","34fe76303a1f8ea4aa5bfd28e4140db1062753044c56762034a878fbc6342a2e","PASS"
"45","measure","8","5","8","3089496400","1693075900","303300","47797100","87665800","8115900","251712","130624","183360","1974550200","431521700","131084500","3173","WATCHDOG_VERIFIED","OUTPUT_VERIFIED","REFERENCE_HASH_IDENTITY","69.25","138.31178756582491","49","54.61","33214988288","12805","0","NO","1e003a08d10a97fcf0d0bcf2e86bdd1a654a07e1fcc353afdc0307d949a161c3","cd6b446ffb998f0d2397686ff6da1c9cd991474b1bf14f829c17ab831692e4c8","fdb1f6b0fc752d55ac3d1a9701a52b8d83086ffa5e91fe739dd5bc195e77a7f0","2d207b28472de89fd742e379cee946f00aa40584c0943f983cbc7387512f3b00","34fe76303a1f8ea4aa5bfd28e4140db1062753044c56762034a878fbc6342a2e","PASS"
"46","measure","9","1","1","3467015800","2315507200","380000","47766700","86616700","7588100","249440","127904","195776","1894230100","474504000","142900400","3539","WATCHDOG_VERIFIED","OUTPUT_VERIFIED","REFERENCE_HASH_IDENTITY","70.125","136.68732965294245","49","54.79","33181872128","12739","0","NO","1e003a08d10a97fcf0d0bcf2e86bdd1a654a07e1fcc353afdc0307d949a161c3","cd6b446ffb998f0d2397686ff6da1c9cd991474b1bf14f829c17ab831692e4c8","fdb1f6b0fc752d55ac3d1a9701a52b8d83086ffa5e91fe739dd5bc195e77a7f0","2d207b28472de89fd742e379cee946f00aa40584c0943f983cbc7387512f3b00","34fe76303a1f8ea4aa5bfd28e4140db1062753044c56762034a878fbc6342a2e","PASS"
"47","measure","9","2","2","3110442700","1742108400","309700","46960800","85441900","7551500","249088","144960","231680","1990727100","446364800","139664900","3190","WATCHDOG_VERIFIED","OUTPUT_VERIFIED","REFERENCE_HASH_IDENTITY","70.375","141.08502569750183","50","57.36","32989315072","12746","0","NO","1e003a08d10a97fcf0d0bcf2e86bdd1a654a07e1fcc353afdc0307d949a161c3","cd6b446ffb998f0d2397686ff6da1c9cd991474b1bf14f829c17ab831692e4c8","fdb1f6b0fc752d55ac3d1a9701a52b8d83086ffa5e91fe739dd5bc195e77a7f0","2d207b28472de89fd742e379cee946f00aa40584c0943f983cbc7387512f3b00","34fe76303a1f8ea4aa5bfd28e4140db1062753044c56762034a878fbc6342a2e","PASS"
"48","measure","9","3","4","3106307300","1603821700","274200","47771500","85915700","8363400","250176","156224","227936","1971928100","406361700","139004100","3182","WATCHDOG_VERIFIED","OUTPUT_VERIFIED","REFERENCE_HASH_IDENTITY","67.25","149.37174548272867","49","55.04","33024958464","12665","0","NO","1e003a08d10a97fcf0d0bcf2e86bdd1a654a07e1fcc353afdc0307d949a161c3","cd6b446ffb998f0d2397686ff6da1c9cd991474b1bf14f829c17ab831692e4c8","fdb1f6b0fc752d55ac3d1a9701a52b8d83086ffa5e91fe739dd5bc195e77a7f0","2d207b28472de89fd742e379cee946f00aa40584c0943f983cbc7387512f3b00","34fe76303a1f8ea4aa5bfd28e4140db1062753044c56762034a878fbc6342a2e","PASS"
"49","measure","9","4","16","2901559200","1522766700","281700","47276800","85490800","7516100","250208","158368","208992","1836656300","394301900","137791100","2976","WATCHDOG_VERIFIED","OUTPUT_VERIFIED","REFERENCE_HASH_IDENTITY","69.5","141.34147638548723","50","54.91","32961089536","12668","0","NO","1e003a08d10a97fcf0d0bcf2e86bdd1a654a07e1fcc353afdc0307d949a161c3","cd6b446ffb998f0d2397686ff6da1c9cd991474b1bf14f829c17ab831692e4c8","fdb1f6b0fc752d55ac3d1a9701a52b8d83086ffa5e91fe739dd5bc195e77a7f0","2d207b28472de89fd742e379cee946f00aa40584c0943f983cbc7387512f3b00","34fe76303a1f8ea4aa5bfd28e4140db1062753044c56762034a878fbc6342a2e","PASS"
"50","measure","9","5","8","2941815900","1540093600","299600","47736700","87749600","7834000","250688","142624","231232","1862745400","392954100","140520000","3016","WATCHDOG_VERIFIED","OUTPUT_VERIFIED","REFERENCE_HASH_IDENTITY","70.125","146.57472636601639","50","55.68","32954408960","12638","0","NO","1e003a08d10a97fcf0d0bcf2e86bdd1a654a07e1fcc353afdc0307d949a161c3","cd6b446ffb998f0d2397686ff6da1c9cd991474b1bf14f829c17ab831692e4c8","fdb1f6b0fc752d55ac3d1a9701a52b8d83086ffa5e91fe739dd5bc195e77a7f0","2d207b28472de89fd742e379cee946f00aa40584c0943f983cbc7387512f3b00","34fe76303a1f8ea4aa5bfd28e4140db1062753044c56762034a878fbc6342a2e","PASS"
"51","measure","10","1","8","2938513400","1541999200","299500","47702900","89471300","8052400","259808","119264","237248","1864762100","400515800","137535300","3012","WATCHDOG_VERIFIED","OUTPUT_VERIFIED","REFERENCE_HASH_IDENTITY","70.5","146.57472636601639","50","55.15","32911470592","12644","0","NO","1e003a08d10a97fcf0d0bcf2e86bdd1a654a07e1fcc353afdc0307d949a161c3","cd6b446ffb998f0d2397686ff6da1c9cd991474b1bf14f829c17ab831692e4c8","fdb1f6b0fc752d55ac3d1a9701a52b8d83086ffa5e91fe739dd5bc195e77a7f0","2d207b28472de89fd742e379cee946f00aa40584c0943f983cbc7387512f3b00","34fe76303a1f8ea4aa5bfd28e4140db1062753044c56762034a878fbc6342a2e","PASS"
"52","measure","10","2","16","2931040000","1548077300","287100","46558500","85392100","7556400","252832","139072","206464","1861467200","395460500","139999500","3004","WATCHDOG_VERIFIED","OUTPUT_VERIFIED","REFERENCE_HASH_IDENTITY","66.25","133.42397670578796","49","54.86","32917049344","12641","0","NO","1e003a08d10a97fcf0d0bcf2e86bdd1a654a07e1fcc353afdc0307d949a161c3","cd6b446ffb998f0d2397686ff6da1c9cd991474b1bf14f829c17ab831692e4c8","fdb1f6b0fc752d55ac3d1a9701a52b8d83086ffa5e91fe739dd5bc195e77a7f0","2d207b28472de89fd742e379cee946f00aa40584c0943f983cbc7387512f3b00","34fe76303a1f8ea4aa5bfd28e4140db1062753044c56762034a878fbc6342a2e","PASS"
"53","measure","10","3","2","3018063200","1699167200","290500","47220100","85955500","7812200","243264","154720","184768","1937652800","398302600","134974400","3099","WATCHDOG_VERIFIED","OUTPUT_VERIFIED","REFERENCE_HASH_IDENTITY","68.875","134.88453929468119","50","55.6","32772284416","12641","0","NO","1e003a08d10a97fcf0d0bcf2e86bdd1a654a07e1fcc353afdc0307d949a161c3","cd6b446ffb998f0d2397686ff6da1c9cd991474b1bf14f829c17ab831692e4c8","fdb1f6b0fc752d55ac3d1a9701a52b8d83086ffa5e91fe739dd5bc195e77a7f0","2d207b28472de89fd742e379cee946f00aa40584c0943f983cbc7387512f3b00","34fe76303a1f8ea4aa5bfd28e4140db1062753044c56762034a878fbc6342a2e","PASS"
"54","measure","10","4","4","2929588900","1544290300","331600","48627000","85419200","7445300","270944","161856","225376","1865167200","401536600","137330400","3003","WATCHDOG_VERIFIED","OUTPUT_VERIFIED","REFERENCE_HASH_IDENTITY","69.75","144.08177483111734","50","55.75","32830312448","12641","0","NO","1e003a08d10a97fcf0d0bcf2e86bdd1a654a07e1fcc353afdc0307d949a161c3","cd6b446ffb998f0d2397686ff6da1c9cd991474b1bf14f829c17ab831692e4c8","fdb1f6b0fc752d55ac3d1a9701a52b8d83086ffa5e91fe739dd5bc195e77a7f0","2d207b28472de89fd742e379cee946f00aa40584c0943f983cbc7387512f3b00","34fe76303a1f8ea4aa5bfd28e4140db1062753044c56762034a878fbc6342a2e","PASS"
"55","measure","10","5","1","3479478000","2294217000","313600","47556000","86709900","7547000","263392","129920","203903","1909066700","503969000","137848200","3561","WATCHDOG_VERIFIED","OUTPUT_VERIFIED","REFERENCE_HASH_IDENTITY","70.125","136.89233012688155","50","56.11","33290608640","12639","0","NO","1e003a08d10a97fcf0d0bcf2e86bdd1a654a07e1fcc353afdc0307d949a161c3","cd6b446ffb998f0d2397686ff6da1c9cd991474b1bf14f829c17ab831692e4c8","fdb1f6b0fc752d55ac3d1a9701a52b8d83086ffa5e91fe739dd5bc195e77a7f0","2d207b28472de89fd742e379cee946f00aa40584c0943f983cbc7387512f3b00","34fe76303a1f8ea4aa5bfd28e4140db1062753044c56762034a878fbc6342a2e","PASS"
"56","measure","11","1","1","3506404000","2317193300","297500","47346500","87097900","7844400","278912","170624","196320","1936641300","460796100","146482400","3591","WATCHDOG_VERIFIED","OUTPUT_VERIFIED","REFERENCE_HASH_IDENTITY","65.75","129.70554641863106","50","55.16","33285824512","12632","0","NO","1e003a08d10a97fcf0d0bcf2e86bdd1a654a07e1fcc353afdc0307d949a161c3","cd6b446ffb998f0d2397686ff6da1c9cd991474b1bf14f829c17ab831692e4c8","fdb1f6b0fc752d55ac3d1a9701a52b8d83086ffa5e91fe739dd5bc195e77a7f0","2d207b28472de89fd742e379cee946f00aa40584c0943f983cbc7387512f3b00","34fe76303a1f8ea4aa5bfd28e4140db1062753044c56762034a878fbc6342a2e","PASS"
"57","measure","11","2","2","3064199100","1665541700","282300","46842300","86661100","7601500","266304","135488","240960","1895242500","497268200","137667200","3139","WATCHDOG_VERIFIED","OUTPUT_VERIFIED","REFERENCE_HASH_IDENTITY","68.625","147.97443015995034","50","55.51","33208688640","12632","0","NO","1e003a08d10a97fcf0d0bcf2e86bdd1a654a07e1fcc353afdc0307d949a161c3","cd6b446ffb998f0d2397686ff6da1c9cd991474b1bf14f829c17ab831692e4c8","fdb1f6b0fc752d55ac3d1a9701a52b8d83086ffa5e91fe739dd5bc195e77a7f0","2d207b28472de89fd742e379cee946f00aa40584c0943f983cbc7387512f3b00","34fe76303a1f8ea4aa5bfd28e4140db1062753044c56762034a878fbc6342a2e","PASS"
"58","measure","11","3","4","2929803900","1498112900","285500","46781700","85672100","7523200","267744","130496","233760","1829506900","414942400","137881800","3003","WATCHDOG_VERIFIED","OUTPUT_VERIFIED","REFERENCE_HASH_IDENTITY","69","140.17362715130406","50","55.5","33211740160","12639","0","NO","1e003a08d10a97fcf0d0bcf2e86bdd1a654a07e1fcc353afdc0307d949a161c3","cd6b446ffb998f0d2397686ff6da1c9cd991474b1bf14f829c17ab831692e4c8","fdb1f6b0fc752d55ac3d1a9701a52b8d83086ffa5e91fe739dd5bc195e77a7f0","2d207b28472de89fd742e379cee946f00aa40584c0943f983cbc7387512f3b00","34fe76303a1f8ea4aa5bfd28e4140db1062753044c56762034a878fbc6342a2e","PASS"
"59","measure","11","4","8","2929651500","1492202400","295400","47432200","86269100","7563600","496416","118016","365472","1838981500","409610600","139442100","3005","WATCHDOG_VERIFIED","OUTPUT_VERIFIED","REFERENCE_HASH_IDENTITY","69.25","147.66011288555589","50","55.76","33116872704","12639","0","NO","1e003a08d10a97fcf0d0bcf2e86bdd1a654a07e1fcc353afdc0307d949a161c3","cd6b446ffb998f0d2397686ff6da1c9cd991474b1bf14f829c17ab831692e4c8","fdb1f6b0fc752d55ac3d1a9701a52b8d83086ffa5e91fe739dd5bc195e77a7f0","2d207b28472de89fd742e379cee946f00aa40584c0943f983cbc7387512f3b00","34fe76303a1f8ea4aa5bfd28e4140db1062753044c56762034a878fbc6342a2e","PASS"
"60","measure","11","5","16","2910214000","1513375400","289500","48316500","86902000","7951500","369024","150944","293408","1836493000","393783200","137492700","2984","WATCHDOG_VERIFIED","OUTPUT_VERIFIED","REFERENCE_HASH_IDENTITY","69.625","143.87772049677432","50","55.46","33022898176","12645","0","NO","1e003a08d10a97fcf0d0bcf2e86bdd1a654a07e1fcc353afdc0307d949a161c3","cd6b446ffb998f0d2397686ff6da1c9cd991474b1bf14f829c17ab831692e4c8","fdb1f6b0fc752d55ac3d1a9701a52b8d83086ffa5e91fe739dd5bc195e77a7f0","2d207b28472de89fd742e379cee946f00aa40584c0943f983cbc7387512f3b00","34fe76303a1f8ea4aa5bfd28e4140db1062753044c56762034a878fbc6342a2e","PASS"
"61","measure","12","1","2","3167208100","1811761100","310600","46798800","86836300","7920900","256896","170336","181920","2045606100","430352900","137642000","3246","WATCHDOG_VERIFIED","OUTPUT_VERIFIED","REFERENCE_HASH_IDENTITY","68.375","138.25431189100354","50","57.54","32992886784","12605","0","NO","1e003a08d10a97fcf0d0bcf2e86bdd1a654a07e1fcc353afdc0307d949a161c3","cd6b446ffb998f0d2397686ff6da1c9cd991474b1bf14f829c17ab831692e4c8","fdb1f6b0fc752d55ac3d1a9701a52b8d83086ffa5e91fe739dd5bc195e77a7f0","2d207b28472de89fd742e379cee946f00aa40584c0943f983cbc7387512f3b00","34fe76303a1f8ea4aa5bfd28e4140db1062753044c56762034a878fbc6342a2e","PASS"
"62","measure","12","2","8","2972750900","1569853800","334600","48453000","87663900","7736600","265056","148000","201120","1888207100","405342300","141078800","3062","WATCHDOG_VERIFIED","OUTPUT_VERIFIED","REFERENCE_HASH_IDENTITY","70.625","149.76343268626945","50","57.08","32918806528","12713","0","NO","1e003a08d10a97fcf0d0bcf2e86bdd1a654a07e1fcc353afdc0307d949a161c3","cd6b446ffb998f0d2397686ff6da1c9cd991474b1bf14f829c17ab831692e4c8","fdb1f6b0fc752d55ac3d1a9701a52b8d83086ffa5e91fe739dd5bc195e77a7f0","2d207b28472de89fd742e379cee946f00aa40584c0943f983cbc7387512f3b00","34fe76303a1f8ea4aa5bfd28e4140db1062753044c56762034a878fbc6342a2e","PASS"
"63","measure","12","3","4","2973002500","1567092300","272100","48132600","85961100","8172000","259936","195808","196448","1902609600","391233000","132336700","3051","WATCHDOG_VERIFIED","OUTPUT_VERIFIED","REFERENCE_HASH_IDENTITY","66.625","135.48640844331729","50","55.19","32983756800","12803","0","NO","1e003a08d10a97fcf0d0bcf2e86bdd1a654a07e1fcc353afdc0307d949a161c3","cd6b446ffb998f0d2397686ff6da1c9cd991474b1bf14f829c17ab831692e4c8","fdb1f6b0fc752d55ac3d1a9701a52b8d83086ffa5e91fe739dd5bc195e77a7f0","2d207b28472de89fd742e379cee946f00aa40584c0943f983cbc7387512f3b00","34fe76303a1f8ea4aa5bfd28e4140db1062753044c56762034a878fbc6342a2e","PASS"
"64","measure","12","4","16","2932271500","1558182300","294400","47806600","87463400","7523900","253760","129696","186176","1868357400","396275600","139937000","3008","WATCHDOG_VERIFIED","OUTPUT_VERIFIED","REFERENCE_HASH_IDENTITY","69.25","149.30322422581597","50","55.66","32896966656","12811","0","NO","1e003a08d10a97fcf0d0bcf2e86bdd1a654a07e1fcc353afdc0307d949a161c3","cd6b446ffb998f0d2397686ff6da1c9cd991474b1bf14f829c17ab831692e4c8","fdb1f6b0fc752d55ac3d1a9701a52b8d83086ffa5e91fe739dd5bc195e77a7f0","2d207b28472de89fd742e379cee946f00aa40584c0943f983cbc7387512f3b00","34fe76303a1f8ea4aa5bfd28e4140db1062753044c56762034a878fbc6342a2e","PASS"
"65","measure","12","5","1","3421390400","2270345800","293000","47135900","85322300","7451200","270912","118432","200192","1896300700","483781700","140925400","3509","WATCHDOG_VERIFIED","OUTPUT_VERIFIED","REFERENCE_HASH_IDENTITY","70.125","134.15955824227709","50","55.36","32813412352","12824","0","NO","1e003a08d10a97fcf0d0bcf2e86bdd1a654a07e1fcc353afdc0307d949a161c3","cd6b446ffb998f0d2397686ff6da1c9cd991474b1bf14f829c17ab831692e4c8","fdb1f6b0fc752d55ac3d1a9701a52b8d83086ffa5e91fe739dd5bc195e77a7f0","2d207b28472de89fd742e379cee946f00aa40584c0943f983cbc7387512f3b00","34fe76303a1f8ea4aa5bfd28e4140db1062753044c56762034a878fbc6342a2e","PASS"
"66","measure","13","1","16","3056593000","1535692700","327900","48061500","86579500","7650000","339232","158175","323552","1881633300","478877200","150708300","3135","WATCHDOG_VERIFIED","OUTPUT_VERIFIED","REFERENCE_HASH_IDENTITY","69.5","151.67906771603072","50","55.45","32645210112","12825","0","NO","1e003a08d10a97fcf0d0bcf2e86bdd1a654a07e1fcc353afdc0307d949a161c3","cd6b446ffb998f0d2397686ff6da1c9cd991474b1bf14f829c17ab831692e4c8","fdb1f6b0fc752d55ac3d1a9701a52b8d83086ffa5e91fe739dd5bc195e77a7f0","2d207b28472de89fd742e379cee946f00aa40584c0943f983cbc7387512f3b00","34fe76303a1f8ea4aa5bfd28e4140db1062753044c56762034a878fbc6342a2e","PASS"
"67","measure","13","2","2","3221869800","1825100000","280800","47434000","87275100","8172800","286528","120608","199520","2053360300","453736100","138454400","3294","WATCHDOG_VERIFIED","OUTPUT_VERIFIED","REFERENCE_HASH_IDENTITY","66.875","132.73752480941727","50","55.03","32575733760","12824","0","NO","1e003a08d10a97fcf0d0bcf2e86bdd1a654a07e1fcc353afdc0307d949a161c3","cd6b446ffb998f0d2397686ff6da1c9cd991474b1bf14f829c17ab831692e4c8","fdb1f6b0fc752d55ac3d1a9701a52b8d83086ffa5e91fe739dd5bc195e77a7f0","2d207b28472de89fd742e379cee946f00aa40584c0943f983cbc7387512f3b00","34fe76303a1f8ea4aa5bfd28e4140db1062753044c56762034a878fbc6342a2e","PASS"
"68","measure","13","3","4","2957459500","1482124400","399600","49505400","91554900","7702800","260128","123104","224544","1830765400","415426800","144598500","3030","WATCHDOG_VERIFIED","OUTPUT_VERIFIED","REFERENCE_HASH_IDENTITY","68.5","134.21823724215236","50","54.91","32545501184","12827","0","NO","1e003a08d10a97fcf0d0bcf2e86bdd1a654a07e1fcc353afdc0307d949a161c3","cd6b446ffb998f0d2397686ff6da1c9cd991474b1bf14f829c17ab831692e4c8","fdb1f6b0fc752d55ac3d1a9701a52b8d83086ffa5e91fe739dd5bc195e77a7f0","2d207b28472de89fd742e379cee946f00aa40584c0943f983cbc7387512f3b00","34fe76303a1f8ea4aa5bfd28e4140db1062753044c56762034a878fbc6342a2e","PASS"
"69","measure","13","4","8","3395086700","1476023700","293800","46827100","86618300","7514500","264160","221792","197184","1800223200","934758700","132779800","3470","WATCHDOG_VERIFIED","OUTPUT_VERIFIED","REFERENCE_HASH_IDENTITY","69.5","142.62563589059184","50","55.24","32509775872","12831","0","NO","1e003a08d10a97fcf0d0bcf2e86bdd1a654a07e1fcc353afdc0307d949a161c3","cd6b446ffb998f0d2397686ff6da1c9cd991474b1bf14f829c17ab831692e4c8","fdb1f6b0fc752d55ac3d1a9701a52b8d83086ffa5e91fe739dd5bc195e77a7f0","2d207b28472de89fd742e379cee946f00aa40584c0943f983cbc7387512f3b00","34fe76303a1f8ea4aa5bfd28e4140db1062753044c56762034a878fbc6342a2e","PASS"
"70","measure","13","5","1","3614744200","2423746500","320900","46594400","85215700","7407400","259456","202432","267552","2046592300","476086300","147202600","3688","WATCHDOG_VERIFIED","OUTPUT_VERIFIED","REFERENCE_HASH_IDENTITY","66.625","139.07105489776168","50","55.03","32556785664","12822","0","NO","1e003a08d10a97fcf0d0bcf2e86bdd1a654a07e1fcc353afdc0307d949a161c3","cd6b446ffb998f0d2397686ff6da1c9cd991474b1bf14f829c17ab831692e4c8","fdb1f6b0fc752d55ac3d1a9701a52b8d83086ffa5e91fe739dd5bc195e77a7f0","2d207b28472de89fd742e379cee946f00aa40584c0943f983cbc7387512f3b00","34fe76303a1f8ea4aa5bfd28e4140db1062753044c56762034a878fbc6342a2e","PASS"
"71","measure","14","1","1","3517115200","2383919900","345600","47521300","86926100","7619800","348608","129664","222272","1925624600","452437700","146003600","3597","WATCHDOG_VERIFIED","OUTPUT_VERIFIED","REFERENCE_HASH_IDENTITY","69.5","134.50255914842185","50","55.09","32438132736","12821","0","NO","1e003a08d10a97fcf0d0bcf2e86bdd1a654a07e1fcc353afdc0307d949a161c3","cd6b446ffb998f0d2397686ff6da1c9cd991474b1bf14f829c17ab831692e4c8","fdb1f6b0fc752d55ac3d1a9701a52b8d83086ffa5e91fe739dd5bc195e77a7f0","2d207b28472de89fd742e379cee946f00aa40584c0943f983cbc7387512f3b00","34fe76303a1f8ea4aa5bfd28e4140db1062753044c56762034a878fbc6342a2e","PASS"
"72","measure","14","2","16","2897335000","1499718000","282000","47858200","85700500","7588800","267168","146336","234624","1826992200","402344100","138260500","2968","WATCHDOG_VERIFIED","OUTPUT_VERIFIED","REFERENCE_HASH_IDENTITY","69.875","145.26115749733918","50","54.86","32447266816","12830","0","NO","1e003a08d10a97fcf0d0bcf2e86bdd1a654a07e1fcc353afdc0307d949a161c3","cd6b446ffb998f0d2397686ff6da1c9cd991474b1bf14f829c17ab831692e4c8","fdb1f6b0fc752d55ac3d1a9701a52b8d83086ffa5e91fe739dd5bc195e77a7f0","2d207b28472de89fd742e379cee946f00aa40584c0943f983cbc7387512f3b00","34fe76303a1f8ea4aa5bfd28e4140db1062753044c56762034a878fbc6342a2e","PASS"
"73","measure","14","3","4","3133106800","1631594600","366900","56181200","102740500","8442400","251904","175328","191808","1973130800","418382200","140105500","3225","WATCHDOG_VERIFIED","OUTPUT_VERIFIED","REFERENCE_HASH_IDENTITY","68.125","150.9545426276095","50","56.07","32390606848","12817","0","NO","1e003a08d10a97fcf0d0bcf2e86bdd1a654a07e1fcc353afdc0307d949a161c3","cd6b446ffb998f0d2397686ff6da1c9cd991474b1bf14f829c17ab831692e4c8","fdb1f6b0fc752d55ac3d1a9701a52b8d83086ffa5e91fe739dd5bc195e77a7f0","2d207b28472de89fd742e379cee946f00aa40584c0943f983cbc7387512f3b00","34fe76303a1f8ea4aa5bfd28e4140db1062753044c56762034a878fbc6342a2e","PASS"
"74","measure","14","4","2","3041178500","1689170100","325500","49115200","89549400","8211600","255296","224512","195456","1939381400","413154500","138883100","3127","WATCHDOG_VERIFIED","OUTPUT_VERIFIED","REFERENCE_HASH_IDENTITY","69.5","135.81686812449453","50","56.14","32386482176","12857","0","NO","1e003a08d10a97fcf0d0bcf2e86bdd1a654a07e1fcc353afdc0307d949a161c3","cd6b446ffb998f0d2397686ff6da1c9cd991474b1bf14f829c17ab831692e4c8","fdb1f6b0fc752d55ac3d1a9701a52b8d83086ffa5e91fe739dd5bc195e77a7f0","2d207b28472de89fd742e379cee946f00aa40584c0943f983cbc7387512f3b00","34fe76303a1f8ea4aa5bfd28e4140db1062753044c56762034a878fbc6342a2e","PASS"
"75","measure","14","5","8","3042943200","1613702500","284000","46738500","85805800","8966300","276416","176288","406784","1950183100","397421500","137394400","3126","WATCHDOG_VERIFIED","OUTPUT_VERIFIED","REFERENCE_HASH_IDENTITY","69.5","151.68197884778849","50","56.18","32316919808","12860","0","NO","1e003a08d10a97fcf0d0bcf2e86bdd1a654a07e1fcc353afdc0307d949a161c3","cd6b446ffb998f0d2397686ff6da1c9cd991474b1bf14f829c17ab831692e4c8","fdb1f6b0fc752d55ac3d1a9701a52b8d83086ffa5e91fe739dd5bc195e77a7f0","2d207b28472de89fd742e379cee946f00aa40584c0943f983cbc7387512f3b00","34fe76303a1f8ea4aa5bfd28e4140db1062753044c56762034a878fbc6342a2e","PASS"
"76","measure","15","1","8","2960099700","1564979500","321200","47983200","87216200","8614800","255072","152448","193984","1880347800","399218400","137927000","3036","WATCHDOG_VERIFIED","OUTPUT_VERIFIED","REFERENCE_HASH_IDENTITY","69.75","140.96693879508629","50","55.05","32357269504","12863","0","NO","1e003a08d10a97fcf0d0bcf2e86bdd1a654a07e1fcc353afdc0307d949a161c3","cd6b446ffb998f0d2397686ff6da1c9cd991474b1bf14f829c17ab831692e4c8","fdb1f6b0fc752d55ac3d1a9701a52b8d83086ffa5e91fe739dd5bc195e77a7f0","2d207b28472de89fd742e379cee946f00aa40584c0943f983cbc7387512f3b00","34fe76303a1f8ea4aa5bfd28e4140db1062753044c56762034a878fbc6342a2e","PASS"
"77","measure","15","2","1","3412840600","2261439700","285900","47005900","85538900","7659100","256032","137536","217504","1904689100","481692400","134824300","3499","WATCHDOG_VERIFIED","OUTPUT_VERIFIED","REFERENCE_HASH_IDENTITY","69.375","131.84537923689925","50","55.47","32354447360","12865","0","NO","1e003a08d10a97fcf0d0bcf2e86bdd1a654a07e1fcc353afdc0307d949a161c3","cd6b446ffb998f0d2397686ff6da1c9cd991474b1bf14f829c17ab831692e4c8","fdb1f6b0fc752d55ac3d1a9701a52b8d83086ffa5e91fe739dd5bc195e77a7f0","2d207b28472de89fd742e379cee946f00aa40584c0943f983cbc7387512f3b00","34fe76303a1f8ea4aa5bfd28e4140db1062753044c56762034a878fbc6342a2e","PASS"
"78","measure","15","3","2","3113801700","1742982700","359300","54920100","101830200","9712600","285120","174816","196640","1975536900","422081500","141363600","3197","WATCHDOG_VERIFIED","OUTPUT_VERIFIED","REFERENCE_HASH_IDENTITY","66.75","139.3681206970889","50","55.08","32500322304","12864","0","NO","1e003a08d10a97fcf0d0bcf2e86bdd1a654a07e1fcc353afdc0307d949a161c3","cd6b446ffb998f0d2397686ff6da1c9cd991474b1bf14f829c17ab831692e4c8","fdb1f6b0fc752d55ac3d1a9701a52b8d83086ffa5e91fe739dd5bc195e77a7f0","2d207b28472de89fd742e379cee946f00aa40584c0943f983cbc7387512f3b00","34fe76303a1f8ea4aa5bfd28e4140db1062753044c56762034a878fbc6342a2e","PASS"
"79","measure","15","4","16","2896524100","1531681100","310100","47494400","86520100","8044500","248896","121632","194208","1835577400","401078600","137490600","2968","WATCHDOG_VERIFIED","OUTPUT_VERIFIED","REFERENCE_HASH_IDENTITY","68.375","137.31422056128235","50","55.2","32460980224","12868","0","NO","1e003a08d10a97fcf0d0bcf2e86bdd1a654a07e1fcc353afdc0307d949a161c3","cd6b446ffb998f0d2397686ff6da1c9cd991474b1bf14f829c17ab831692e4c8","fdb1f6b0fc752d55ac3d1a9701a52b8d83086ffa5e91fe739dd5bc195e77a7f0","2d207b28472de89fd742e379cee946f00aa40584c0943f983cbc7387512f3b00","34fe76303a1f8ea4aa5bfd28e4140db1062753044c56762034a878fbc6342a2e","PASS"
"80","measure","15","5","4","2867638200","1470845600","283700","46710200","84539400","8656800","257504","201344","234176","1804939400","396697900","136620700","2937","WATCHDOG_VERIFIED","OUTPUT_VERIFIED","REFERENCE_HASH_IDENTITY","69.5","134.34329269814214","50","55.38","32438026240","12868","0","NO","1e003a08d10a97fcf0d0bcf2e86bdd1a654a07e1fcc353afdc0307d949a161c3","cd6b446ffb998f0d2397686ff6da1c9cd991474b1bf14f829c17ab831692e4c8","fdb1f6b0fc752d55ac3d1a9701a52b8d83086ffa5e91fe739dd5bc195e77a7f0","2d207b28472de89fd742e379cee946f00aa40584c0943f983cbc7387512f3b00","34fe76303a1f8ea4aa5bfd28e4140db1062753044c56762034a878fbc6342a2e","PASS"
