experiment	order	variant	batch	wall_seconds	candidates_per_hour	plan	executable_sha256	result_sha256	gerbicz	gpu_util_mean_percent	gpu_power_mean_w	gpu_temperature_max_c	whea	verdict
fixed-plan	1	BASELINE_A1	16	168.0433767	342.768642	256_8_sq_512_p2i_8_16	8ede5c476f02276707f620b429e1ac1d58567c435acbc3ddadd5ab107ff164a4	ee496f1134710f70367ac990448353991165b7f3f4155741e5a1bfc0151ed3ef	PASS	90.611321	286.676679	69	0	REJECT_NO_SIGNIFICANT_GAIN
fixed-plan	2	FIXED_B1	16	169.6619507	339.498631	256_8_sq_512_p2i_8_16	89d937043d2f392691c15112d3dcfc62a068b370935989bbd8325d9b050f0600	ee496f1134710f70367ac990448353991165b7f3f4155741e5a1bfc0151ed3ef	PASS	90.625468	287.225730	69	0	REJECT_NO_SIGNIFICANT_GAIN
fixed-plan	3	FIXED_B2	16	169.1383165	340.549683	256_8_sq_512_p2i_8_16	89d937043d2f392691c15112d3dcfc62a068b370935989bbd8325d9b050f0600	ee496f1134710f70367ac990448353991165b7f3f4155741e5a1bfc0151ed3ef	PASS	90.725564	288.053346	69	0	REJECT_NO_SIGNIFICANT_GAIN
fixed-plan	4	BASELINE_A2	16	171.2489471	336.352433	256_8_sq_512_p2i_16_32	8ede5c476f02276707f620b429e1ac1d58567c435acbc3ddadd5ab107ff164a4	ee496f1134710f70367ac990448353991165b7f3f4155741e5a1bfc0151ed3ef	PASS	91.937500	279.732059	69	0	REJECT_NO_SIGNIFICANT_GAIN
poly2int-fusion	1	CONTROL_A1	16	161.4665864	356.730153	256_8_sq_512_p2i_8_16	89d937043d2f392691c15112d3dcfc62a068b370935989bbd8325d9b050f0600	ee496f1134710f70367ac990448353991165b7f3f4155741e5a1bfc0151ed3ef	PASS	91.492188	296.347969	70	0	REJECT_REGRESSION
poly2int-fusion	2	FUSION_B1	16	168.9660586	340.896867	256_8_sq_512_p2i_8_16	68fddc0a1ead5ba0ed072ecdfe4e21970d152584b6321a13023b0abd1d16c0f0	ee496f1134710f70367ac990448353991165b7f3f4155741e5a1bfc0151ed3ef	PASS	90.134831	290.072022	70	0	REJECT_REGRESSION
poly2int-fusion	3	FUSION_B2	16	168.7315920	341.370572	256_8_sq_512_p2i_8_16	68fddc0a1ead5ba0ed072ecdfe4e21970d152584b6321a13023b0abd1d16c0f0	ee496f1134710f70367ac990448353991165b7f3f4155741e5a1bfc0151ed3ef	PASS	91.191729	291.425414	70	0	REJECT_REGRESSION
poly2int-fusion	4	CONTROL_A2	16	169.5853640	339.651953	256_8_sq_512_p2i_8_16	89d937043d2f392691c15112d3dcfc62a068b370935989bbd8325d9b050f0600	ee496f1134710f70367ac990448353991165b7f3f4155741e5a1bfc0151ed3ef	PASS	90.685393	287.959813	70	0	REJECT_REGRESSION
batch24	1	EXPLORATORY	24	250.6705560	344.675503	256_16_sq_512_p2i_4_32	8ede5c476f02276707f620b429e1ac1d58567c435acbc3ddadd5ab107ff164a4	b17157d4da1e81d350ad9261210af8c386712ad935ddf59f7014c6cc92184b0c	PASS	95.117794	315.711028	70	0	REJECT_BELOW_B16_GATE
